Start,End,Best Matrix,Best M. At,Time Taken,CUDA Memory Used,CPU Memory,Time
1,4,0.15912805852435885,1,333.14726853370667,0.0,675.83,2023:03:17 14:27:06